{
  "aggregate": {
    "faithfulness": 0.8801785714285714,
    "answer_relevancy": 0.34424068538911057,
    "context_precision": 0.7749999999533332,
    "context_recall": 0.76
  },
  "num_questions": 20,
  "failures": []
}